Order_ID,Date,Region,Salesperson,Product,Category,Quantity,Price,Total_Sales,rank,,,
1001,2/6/2024,South,John,Chair,Furniture,6,100,600,760,,,
1002,13-02-2024,South,Liam,Cabinet,Furniture,2,350,700,739,,,
1003,1/1/2024,West,Alex,Tablet,Electronics,6,300,1800,376,,,
1004,28-04-2024,West,Priya,Chair,Furniture,7,100,700,738,,,
1005,5/2/2024,East,John,Chair,Furniture,1,100,100,975,,,
1006,19-04-2024,East,Alex,Headphones,Electronics,9,150,1350,515,,,
1007,24-01-2024,South,Sara,Tablet,Electronics,9,300,2700,207,,,
1008,13-05-2024,South,David,Printer,Electronics,6,200,1200,534,,,
1009,23-02-2024,West,Mary,Desk,Furniture,3,250,750,709,,,
1010,2/4/2024,North,Sara,Cabinet,Furniture,6,350,2100,306,,,
1011,3/6/2024,North,Sara,Chair,Furniture,4,100,400,841,,,
1012,12/6/2024,West,David,Printer,Electronics,6,200,1200,533,,,
1013,17-04-2024,South,Mary,Tablet,Electronics,9,300,2700,207,,,
1014,23-06-2024,South,Alex,Chair,Furniture,3,100,300,882,,,
1015,12/3/2024,West,Priya,Headphones,Electronics,9,150,1350,512,,,
1016,20-05-2024,North,Alex,Printer,Electronics,4,200,800,674,,,
1017,5/5/2024,West,Priya,Tablet,Electronics,10,300,3000,172,,,
1018,8/1/2024,West,Priya,Laptop,Electronics,1,800,800,673,,,
1019,3/5/2024,East,Sara,Headphones,Electronics,6,150,900,635,,,
1020,24-03-2024,North,Liam,Tablet,Electronics,4,300,1200,530,,,
1021,10/1/2024,South,Sara,Tablet,Electronics,7,300,2100,304,,,
1022,28-06-2024,West,Liam,Laptop,Electronics,2,800,1600,419,,,
1023,3/5/2024,West,Alex,Desk,Furniture,3,250,750,698,,,
1024,8/4/2024,East,Priya,Desk,Furniture,5,250,1250,516,,,
1025,4/1/2024,North,Sara,Phone,Electronics,8,500,4000,88,,,
1026,9/6/2024,South,David,Laptop,Electronics,1,800,800,667,,,
1027,7/2/2024,East,Chen,Phone,Electronics,6,500,3000,171,,,
1028,6/1/2024,North,David,Laptop,Electronics,5,800,4000,88,,,
1029,28-01-2024,West,Alex,Desk,Furniture,4,250,1000,588,,,
1030,11/5/2024,East,Chen,Phone,Electronics,3,500,1500,438,,,
1031,9/3/2024,South,David,Desk,Furniture,1,250,250,898,,,
1032,7/5/2024,East,John,Cabinet,Furniture,7,350,2450,247,,,
1033,12/2/2024,West,Priya,Headphones,Electronics,7,150,1050,562,,,
1034,17-04-2024,North,Sara,Tablet,Electronics,9,300,2700,203,,,
1035,4/5/2024,West,Priya,Tablet,Electronics,7,300,2100,299,,,
1036,2/6/2024,West,Liam,Printer,Electronics,2,200,400,819,,,
1037,28-03-2024,South,Mary,Laptop,Electronics,5,800,4000,88,,,
1038,28-01-2024,North,Liam,Chair,Furniture,9,100,900,621,,,
1039,20-04-2024,South,Mary,Printer,Electronics,6,200,1200,519,,,
1040,23-06-2024,North,Alex,Tablet,Electronics,8,300,2400,261,,,
1041,21-02-2024,East,Alex,Printer,Electronics,3,200,600,726,,,
1042,12/1/2024,South,Mary,Desk,Furniture,1,250,250,888,,,
1043,3/4/2024,South,Mary,Chair,Furniture,5,100,500,767,,,
1044,11/5/2024,North,Chen,Headphones,Electronics,1,150,150,917,,,
1045,4/5/2024,East,Mary,Printer,Electronics,8,200,1600,411,,,
1046,19-04-2024,West,Alex,Tablet,Electronics,6,300,1800,363,,,
1047,19-06-2024,South,Priya,Cabinet,Furniture,2,350,700,705,,,
1048,19-03-2024,North,Mary,Laptop,Electronics,6,800,4800,60,,,
1049,30-01-2024,West,Mary,Laptop,Electronics,2,800,1600,409,,,
1050,26-03-2024,West,Liam,Printer,Electronics,7,200,1400,472,,,
1051,22-06-2024,West,Mary,Tablet,Electronics,1,300,300,849,,,
1052,11/6/2024,North,David,Printer,Electronics,6,200,1200,513,,,
1053,28-04-2024,West,John,Chair,Furniture,1,100,100,928,,,
1054,1/1/2024,West,Priya,Tablet,Electronics,5,300,1500,429,,,
1055,16-04-2024,South,Chen,Cabinet,Furniture,8,350,2800,191,,,
1056,31-05-2024,East,John,Chair,Furniture,1,100,100,926,,,
1057,15-02-2024,South,John,Headphones,Electronics,3,150,450,794,,,
1058,5/1/2024,North,Priya,Headphones,Electronics,4,150,600,717,,,
1059,4/1/2024,West,Priya,Laptop,Electronics,6,800,4800,60,,,
1060,23-06-2024,North,Liam,Chair,Furniture,4,100,400,801,,,
1061,15-03-2024,East,John,Printer,Electronics,6,200,1200,510,,,
1062,15-02-2024,South,Priya,Printer,Electronics,9,200,1800,360,,,
1063,5/1/2024,East,Alex,Cabinet,Furniture,9,350,3150,148,,,
1064,7/5/2024,East,Mary,Phone,Electronics,1,500,500,753,,,
1065,10/5/2024,South,Mary,Laptop,Electronics,9,800,7200,14,,,
1066,29-02-2024,West,Liam,Headphones,Electronics,2,150,300,837,,,
1067,9/3/2024,North,Mary,Cabinet,Furniture,3,350,1050,544,,,
1068,6/2/2024,South,Priya,Phone,Electronics,8,500,4000,85,,,
1069,13-01-2024,West,Mary,Desk,Furniture,5,250,1250,495,,,
1070,16-02-2024,North,Sara,Laptop,Electronics,6,800,4800,59,,,
1071,25-01-2024,South,Sara,Headphones,Electronics,6,150,900,602,,,
1072,18-03-2024,North,David,Laptop,Electronics,3,800,2400,254,,,
1073,10/4/2024,East,Chen,Laptop,Electronics,2,800,1600,401,,,
1074,6/3/2024,West,David,Cabinet,Furniture,3,350,1050,539,,,
1075,28-01-2024,North,Alex,Printer,Electronics,10,200,2000,318,,,
1076,26-02-2024,West,Liam,Headphones,Electronics,1,150,150,888,,,
1077,27-05-2024,South,Alex,Desk,Furniture,5,250,1250,491,,,
1078,3/2/2024,North,Chen,Tablet,Electronics,3,300,900,597,,,
1079,15-04-2024,East,David,Cabinet,Furniture,9,350,3150,145,,,
1080,1/3/2024,South,John,Phone,Electronics,9,500,4500,75,,,
1081,11/1/2024,West,Mary,Cabinet,Furniture,7,350,2450,236,,,
1082,17-05-2024,North,Sara,Tablet,Electronics,3,300,900,594,,,
1083,18-06-2024,North,Chen,Cabinet,Furniture,10,350,3500,101,,,
1084,6/4/2024,North,Mary,Chair,Furniture,3,100,300,821,,,
1085,16-02-2024,South,Chen,Desk,Furniture,5,250,1250,487,,,
1086,12/2/2024,South,John,Chair,Furniture,10,100,1000,553,,,
1087,1/4/2024,East,Sara,Printer,Electronics,6,200,1200,495,,,
1088,25-03-2024,North,David,Cabinet,Furniture,2,350,700,675,,,
1089,7/5/2024,East,Liam,Phone,Electronics,10,500,5000,43,,,
1090,28-02-2024,West,Mary,Phone,Electronics,2,500,1000,551,,,
1091,7/5/2024,South,Chen,Laptop,Electronics,7,800,5600,33,,,
1092,24-05-2024,North,Chen,Chair,Furniture,9,100,900,587,,,
1093,23-05-2024,East,John,Phone,Electronics,7,500,3500,99,,,
1094,28-06-2024,South,Sara,Chair,Furniture,9,100,900,586,,,
1095,29-02-2024,South,Sara,Desk,Furniture,10,250,2500,202,,,
1096,16-06-2024,East,John,Headphones,Electronics,1,150,150,869,,,
1097,5/4/2024,South,Priya,Laptop,Electronics,4,800,3200,127,,,
1098,12/3/2024,North,Mary,Laptop,Electronics,7,800,5600,33,,,
1099,28-04-2024,South,David,Headphones,Electronics,6,150,900,583,,,
1100,6/3/2024,West,David,Cabinet,Furniture,2,350,700,665,,,
1101,3/6/2024,South,David,Printer,Electronics,4,200,800,613,,,
1102,6/5/2024,East,Alex,Printer,Electronics,7,200,1400,451,,,
1103,29-01-2024,East,Mary,Cabinet,Furniture,4,350,1400,451,,,
1104,11/3/2024,West,David,Printer,Electronics,6,200,1200,487,,,
1105,23-05-2024,South,John,Printer,Electronics,2,200,400,761,,,
1106,17-06-2024,North,John,Cabinet,Furniture,10,350,3500,98,,,
1107,7/3/2024,West,Sara,Printer,Electronics,10,200,2000,307,,,
1108,18-05-2024,South,Sara,Headphones,Electronics,1,150,150,858,,,
1109,21-04-2024,West,David,Headphones,Electronics,4,150,600,675,,,
1110,19-03-2024,East,Mary,Tablet,Electronics,8,300,2400,243,,,
1111,18-05-2024,North,Mary,Tablet,Electronics,6,300,1800,341,,,
1112,18-04-2024,West,Mary,Tablet,Electronics,8,300,2400,243,,,
1113,15-01-2024,South,Priya,Chair,Furniture,5,100,500,711,,,
1114,3/5/2024,West,David,Headphones,Electronics,1,150,150,853,,,
1115,7/5/2024,South,Alex,Chair,Furniture,6,100,600,672,,,
1116,10/4/2024,North,John,Tablet,Electronics,5,300,1500,404,,,
1117,11/6/2024,East,Sara,Cabinet,Furniture,4,350,1400,445,,,
1118,31-05-2024,South,Liam,Laptop,Electronics,1,800,800,603,,,
1119,24-01-2024,East,Mary,Printer,Electronics,5,200,1000,536,,,
1120,6/2/2024,South,Priya,Tablet,Electronics,8,300,2400,243,,,
1121,24-06-2024,East,Priya,Cabinet,Furniture,10,350,3500,98,,,
1122,21-01-2024,West,Liam,Laptop,Electronics,6,800,4800,56,,,
1123,8/1/2024,East,Sara,Cabinet,Furniture,5,350,1750,358,,,
1124,16-04-2024,North,Priya,Tablet,Electronics,7,300,2100,273,,,
1125,4/1/2024,West,Mary,Desk,Furniture,9,250,2250,262,,,
1126,24-04-2024,West,Chen,Headphones,Electronics,1,150,150,842,,,
1127,7/6/2024,North,Sara,Laptop,Electronics,7,800,5600,33,,,
1128,11/5/2024,West,Alex,Chair,Furniture,6,100,600,661,,,
1129,14-05-2024,West,John,Printer,Electronics,1,200,200,818,,,
1130,1/6/2024,North,Sara,Cabinet,Furniture,2,350,700,645,,,
1131,31-05-2024,West,John,Headphones,Electronics,4,150,600,660,,,
1132,26-01-2024,West,David,Phone,Electronics,5,500,2500,196,,,
1133,30-05-2024,East,Liam,Phone,Electronics,10,500,5000,40,,,
1134,16-02-2024,West,Chen,Printer,Electronics,9,200,1800,332,,,
1135,29-02-2024,North,Liam,Printer,Electronics,7,200,1400,435,,,
1136,23-04-2024,South,David,Desk,Furniture,2,250,500,692,,,
1137,3/6/2024,South,Liam,Printer,Electronics,3,200,600,656,,,
1138,27-04-2024,East,Chen,Chair,Furniture,3,100,300,773,,,
1139,6/3/2024,East,Chen,Cabinet,Furniture,9,350,3150,133,,,
1140,10/1/2024,West,Liam,Printer,Electronics,1,200,200,808,,,
1141,2/6/2024,East,Mary,Printer,Electronics,9,200,1800,331,,,
1142,23-01-2024,East,Liam,Tablet,Electronics,10,300,3000,149,,,
1143,30-05-2024,West,John,Phone,Electronics,3,500,1500,391,,,
1144,24-01-2024,North,Liam,Tablet,Electronics,3,300,900,557,,,
1145,14-04-2024,North,Alex,Printer,Electronics,4,200,800,586,,,
1146,21-03-2024,East,Liam,Headphones,Electronics,6,150,900,557,,,
1147,6/4/2024,West,John,Tablet,Electronics,8,300,2400,236,,,
1148,11/1/2024,North,Sara,Phone,Electronics,1,500,500,683,,,
1149,13-04-2024,South,Sara,Cabinet,Furniture,6,350,2100,266,,,
1150,8/5/2024,South,Chen,Chair,Furniture,2,100,200,799,,,
1151,7/4/2024,East,Chen,Cabinet,Furniture,7,350,2450,221,,,
1152,19-04-2024,South,John,Printer,Electronics,8,200,1600,369,,,
1153,11/4/2024,South,Priya,Chair,Furniture,9,100,900,553,,,
1154,9/1/2024,East,John,Cabinet,Furniture,2,350,700,629,,,
1155,6/2/2024,East,Priya,Chair,Furniture,5,100,500,678,,,
1156,3/1/2024,North,Mary,Printer,Electronics,2,200,400,718,,,
1157,31-05-2024,North,John,Laptop,Electronics,1,800,800,580,,,
1158,3/6/2024,North,Mary,Phone,Electronics,10,500,5000,40,,,
1159,13-03-2024,South,Sara,Tablet,Electronics,5,300,1500,386,,,
1160,6/5/2024,South,Liam,Tablet,Electronics,1,300,300,754,,,
1161,23-02-2024,North,Chen,Desk,Furniture,5,250,1250,451,,,
1162,5/6/2024,North,Mary,Phone,Electronics,4,500,2000,291,,,
1163,21-05-2024,North,Priya,Printer,Electronics,1,200,200,787,,,
1164,6/1/2024,North,Priya,Laptop,Electronics,9,800,7200,14,,,
1165,3/4/2024,West,Liam,Chair,Furniture,1,100,100,818,,,
1166,6/1/2024,North,Mary,Tablet,Electronics,3,300,900,548,,,
1167,15-03-2024,North,Liam,Headphones,Electronics,1,150,150,803,,,
1168,12/4/2024,North,Priya,Chair,Furniture,5,100,500,671,,,
1169,28-04-2024,East,David,Headphones,Electronics,3,150,450,701,,,
1170,13-05-2024,North,Chen,Headphones,Electronics,2,150,300,748,,,
1171,25-03-2024,East,Alex,Chair,Furniture,5,100,500,671,,,
1172,12/3/2024,South,Priya,Phone,Electronics,4,500,2000,290,,,
1173,28-04-2024,North,Alex,Desk,Furniture,10,250,2500,191,,,
1174,3/4/2024,South,Priya,Tablet,Electronics,9,300,2700,178,,,
1175,2/2/2024,West,Priya,Printer,Electronics,3,200,600,633,,,
1176,4/3/2024,North,Chen,Desk,Furniture,1,250,250,769,,,
1177,14-03-2024,South,Liam,Cabinet,Furniture,8,350,2800,169,,,
1178,24-01-2024,South,Chen,Laptop,Electronics,7,800,5600,32,,,
1179,1/6/2024,West,Alex,Laptop,Electronics,4,800,3200,118,,,
1180,6/6/2024,South,John,Laptop,Electronics,2,800,1600,360,,,
1181,19-06-2024,South,John,Tablet,Electronics,4,300,1200,449,,,
1182,28-06-2024,South,Alex,Cabinet,Furniture,5,350,1750,337,,,
1183,15-05-2024,East,John,Desk,Furniture,7,250,1750,337,,,
1184,13-06-2024,West,Alex,Chair,Furniture,1,100,100,800,,,
1185,7/4/2024,South,Sara,Headphones,Electronics,7,150,1050,481,,,
1186,13-03-2024,East,John,Cabinet,Furniture,4,350,1400,414,,,
1187,16-06-2024,North,Liam,Laptop,Electronics,4,800,3200,118,,,
1188,29-05-2024,South,Priya,Tablet,Electronics,3,300,900,535,,,
1189,31-05-2024,West,Priya,Chair,Furniture,6,100,600,622,,,
1190,30-01-2024,West,Priya,Laptop,Electronics,10,800,8000,1,,,
1191,4/5/2024,West,Priya,Chair,Furniture,5,100,500,654,,,
1192,20-05-2024,South,David,Phone,Electronics,3,500,1500,373,,,
1193,26-03-2024,North,Liam,Printer,Electronics,9,200,1800,316,,,
1194,18-03-2024,South,Chen,Cabinet,Furniture,7,350,2450,212,,,
1195,23-03-2024,East,Liam,Chair,Furniture,6,100,600,618,,,
1196,31-05-2024,South,Mary,Headphones,Electronics,6,150,900,531,,,
1197,13-03-2024,South,Mary,Laptop,Electronics,1,800,800,555,,,
1198,21-04-2024,West,Alex,Cabinet,Furniture,3,350,1050,475,,,
1199,10/2/2024,South,Priya,Printer,Electronics,3,200,600,615,,,
1200,6/5/2024,East,Priya,Phone,Electronics,10,500,5000,37,,,
1201,2/3/2024,West,Alex,Tablet,Electronics,10,300,3000,142,,,
1202,12/4/2024,East,David,Headphones,Electronics,1,150,150,770,,,
1203,23-04-2024,North,Liam,Desk,Furniture,7,250,1750,331,,,
1204,20-06-2024,North,Sara,Headphones,Electronics,8,150,1200,438,,,
1205,19-04-2024,South,Sara,Chair,Furniture,2,100,200,750,,,
1206,21-06-2024,East,Sara,Desk,Furniture,10,250,2500,183,,,
1207,20-01-2024,South,David,Laptop,Electronics,9,800,7200,13,,,
1208,25-04-2024,South,David,Phone,Electronics,7,500,3500,89,,,
1209,17-04-2024,South,Mary,Phone,Electronics,7,500,3500,89,,,
1210,27-02-2024,East,John,Headphones,Electronics,9,150,1350,420,,,
1211,16-02-2024,North,Priya,Tablet,Electronics,6,300,1800,309,,,
1212,9/2/2024,South,Liam,Tablet,Electronics,2,300,600,605,,,
1213,19-05-2024,West,Mary,Chair,Furniture,6,100,600,605,,,
1214,11/4/2024,East,Mary,Desk,Furniture,7,250,1750,326,,,
1215,22-06-2024,South,Alex,Chair,Furniture,9,100,900,519,,,
1216,24-02-2024,West,Alex,Phone,Electronics,4,500,2000,276,,,
1217,18-06-2024,North,Chen,Cabinet,Furniture,2,350,700,588,,,
1218,30-04-2024,East,Alex,Headphones,Electronics,3,150,450,658,,,
1219,13-05-2024,West,Chen,Chair,Furniture,10,100,1000,482,,,
1220,25-01-2024,West,Sara,Tablet,Electronics,7,300,2100,249,,,
1221,19-05-2024,South,David,Chair,Furniture,3,100,300,702,,,
1222,23-01-2024,South,Alex,Tablet,Electronics,7,300,2100,249,,,
1223,9/2/2024,East,John,Laptop,Electronics,4,800,3200,113,,,
1224,23-05-2024,East,Mary,Printer,Electronics,9,200,1800,305,,,
1225,2/2/2024,North,Chen,Laptop,Electronics,9,800,7200,13,,,
1226,7/5/2024,East,Sara,Printer,Electronics,5,200,1000,477,,,
1227,24-06-2024,West,Alex,Tablet,Electronics,10,300,3000,137,,,
1228,21-03-2024,North,David,Tablet,Electronics,4,300,1200,424,,,
1229,24-03-2024,South,Chen,Headphones,Electronics,7,150,1050,456,,,
1230,17-05-2024,East,Priya,Desk,Furniture,4,250,1000,474,,,
1231,25-02-2024,South,David,Desk,Furniture,4,250,1000,474,,,
1232,29-03-2024,South,David,Tablet,Electronics,2,300,600,589,,,
1233,31-03-2024,West,David,Laptop,Electronics,5,800,4000,70,,,
1234,22-05-2024,East,Priya,Laptop,Electronics,4,800,3200,111,,,
1235,22-02-2024,North,Chen,Phone,Electronics,2,500,1000,472,,,
1236,9/1/2024,North,Alex,Cabinet,Furniture,10,350,3500,87,,,
1237,12/3/2024,West,Liam,Tablet,Electronics,9,300,2700,162,,,
1238,14-06-2024,West,Alex,Cabinet,Furniture,8,350,2800,154,,,
1239,3/6/2024,East,Mary,Tablet,Electronics,6,300,1800,298,,,
1240,31-03-2024,East,Mary,Tablet,Electronics,2,300,600,582,,,
1241,23-02-2024,South,John,Tablet,Electronics,9,300,2700,161,,,
1242,2/1/2024,South,Alex,Desk,Furniture,3,250,750,544,,,
1243,8/2/2024,East,David,Laptop,Electronics,4,800,3200,110,,,
1244,22-01-2024,South,Sara,Printer,Electronics,9,200,1800,296,,,
1245,25-06-2024,North,Priya,Cabinet,Furniture,6,350,2100,239,,,
1246,18-04-2024,North,Liam,Cabinet,Furniture,10,350,3500,87,,,
1247,20-05-2024,North,Chen,Tablet,Electronics,7,300,2100,238,,,
1248,9/2/2024,North,Chen,Chair,Furniture,5,100,500,602,,,
1249,18-06-2024,West,Mary,Desk,Furniture,2,250,500,602,,,
1250,14-01-2024,South,Sara,Chair,Furniture,1,100,100,735,,,
1251,14-04-2024,North,Liam,Headphones,Electronics,2,150,300,674,,,
1252,11/2/2024,South,Alex,Printer,Electronics,5,200,1000,462,,,
1253,12/4/2024,North,Priya,Tablet,Electronics,5,300,1500,343,,,
1254,10/3/2024,West,John,Desk,Furniture,7,250,1750,307,,,
1255,20-06-2024,East,Liam,Laptop,Electronics,3,800,2400,208,,,
1256,11/1/2024,South,David,Desk,Furniture,6,250,1500,341,,,
1257,4/5/2024,East,Mary,Desk,Furniture,8,250,2000,260,,,
1258,15-04-2024,South,John,Chair,Furniture,8,100,800,510,,,
1259,14-04-2024,South,David,Printer,Electronics,7,200,1400,376,,,
1260,16-03-2024,East,Priya,Phone,Electronics,4,500,2000,260,,,
1261,1/2/2024,East,David,Printer,Electronics,6,200,1200,405,,,
1262,21-02-2024,South,David,Headphones,Electronics,3,150,450,618,,,
1263,16-05-2024,North,Sara,Printer,Electronics,6,200,1200,405,,,
1264,18-06-2024,North,Priya,Printer,Electronics,5,200,1000,453,,,
1265,9/3/2024,South,Chen,Laptop,Electronics,1,800,800,505,,,
1266,30-05-2024,North,John,Phone,Electronics,2,500,1000,453,,,
1267,18-06-2024,West,Mary,Laptop,Electronics,10,800,8000,1,,,
1268,12/6/2024,North,Chen,Chair,Furniture,10,100,1000,452,,,
1269,10/2/2024,South,Liam,Laptop,Electronics,6,800,4800,46,,,
1270,4/2/2024,East,Sara,Phone,Electronics,5,500,2500,167,,,
1271,23-06-2024,West,Liam,Phone,Electronics,4,500,2000,257,,,
1272,12/1/2024,South,Mary,Tablet,Electronics,4,300,1200,401,,,
1273,2/2/2024,North,Liam,Headphones,Electronics,1,150,150,701,,,
1274,8/1/2024,North,Sara,Cabinet,Furniture,7,350,2450,192,,,
1275,28-01-2024,East,Alex,Headphones,Electronics,1,150,150,700,,,
1276,19-05-2024,East,Priya,Chair,Furniture,1,100,100,710,,,
1277,18-02-2024,East,Alex,Cabinet,Furniture,1,350,350,641,,,
1278,7/3/2024,West,Chen,Tablet,Electronics,5,300,1500,334,,,
1279,16-05-2024,East,Liam,Tablet,Electronics,8,300,2400,204,,,
1280,15-02-2024,West,Liam,Phone,Electronics,8,500,4000,68,,,
1281,27-02-2024,South,Alex,Headphones,Electronics,5,150,750,515,,,
1282,17-04-2024,East,Sara,Printer,Electronics,5,200,1000,444,,,
1283,12/4/2024,North,David,Printer,Electronics,4,200,800,493,,,
1284,11/5/2024,South,Priya,Phone,Electronics,4,500,2000,254,,,
1285,8/1/2024,North,David,Laptop,Electronics,8,800,6400,21,,,
1286,6/4/2024,North,Alex,Cabinet,Furniture,5,350,1750,295,,,
1287,22-06-2024,East,Priya,Phone,Electronics,3,500,1500,329,,,
1288,31-01-2024,North,John,Desk,Furniture,10,250,2500,165,,,
1289,26-02-2024,South,Chen,Headphones,Electronics,4,150,600,543,,,
1290,28-01-2024,North,Priya,Headphones,Electronics,5,150,750,508,,,
1291,5/5/2024,West,David,Headphones,Electronics,1,150,150,686,,,
1292,23-01-2024,West,Sara,Phone,Electronics,7,500,3500,83,,,
1293,31-05-2024,North,Liam,Laptop,Electronics,3,800,2400,200,,,
1294,12/2/2024,East,John,Phone,Electronics,5,500,2500,164,,,
1295,17-01-2024,North,Chen,Headphones,Electronics,10,150,1500,325,,,
1296,23-06-2024,South,David,Headphones,Electronics,4,150,600,538,,,
1297,23-04-2024,East,John,Phone,Electronics,3,500,1500,325,,,
1298,11/2/2024,North,Sara,Printer,Electronics,1,200,200,663,,,
1299,12/5/2024,West,Priya,Tablet,Electronics,7,300,2100,226,,,
1300,4/3/2024,West,Mary,Laptop,Electronics,9,800,7200,12,,,
1301,1/4/2024,East,Mary,Headphones,Electronics,10,150,1500,323,,,
1302,27-05-2024,West,John,Phone,Electronics,3,500,1500,323,,,
1303,25-06-2024,West,Alex,Desk,Furniture,7,250,1750,289,,,
1304,1/3/2024,North,Chen,Chair,Furniture,1,100,100,683,,,
1305,1/5/2024,East,David,Laptop,Electronics,9,800,7200,12,,,
1306,30-05-2024,East,Chen,Tablet,Electronics,4,300,1200,381,,,
1307,22-06-2024,South,Mary,Headphones,Electronics,1,150,150,672,,,
1308,5/5/2024,North,John,Chair,Furniture,2,100,200,656,,,
1309,2/6/2024,North,John,Cabinet,Furniture,10,350,3500,81,,,
1310,7/5/2024,North,Mary,Cabinet,Furniture,6,350,2100,223,,,
1311,13-04-2024,West,Alex,Chair,Furniture,7,100,700,515,,,
1312,23-03-2024,West,Sara,Chair,Furniture,2,100,200,653,,,
1313,19-05-2024,South,Chen,Laptop,Electronics,5,800,4000,65,,,
1314,3/3/2024,East,Alex,Laptop,Electronics,4,800,3200,100,,,
1315,4/5/2024,South,Chen,Chair,Furniture,4,100,400,582,,,
1316,20-05-2024,East,David,Headphones,Electronics,8,150,1200,377,,,
1317,9/3/2024,North,Mary,Phone,Electronics,9,500,4500,57,,,
1318,11/1/2024,West,Chen,Phone,Electronics,8,500,4000,64,,,
1319,28-01-2024,South,Priya,Printer,Electronics,3,200,600,522,,,
1320,12/3/2024,North,Mary,Desk,Furniture,9,250,2250,209,,,
1321,8/6/2024,North,John,Tablet,Electronics,8,300,2400,192,,,
1322,26-02-2024,North,Chen,Cabinet,Furniture,1,350,350,603,,,
1323,27-01-2024,West,Chen,Cabinet,Furniture,7,350,2450,180,,,
1324,21-01-2024,West,Priya,Printer,Electronics,8,200,1600,295,,,
1325,17-03-2024,East,Alex,Desk,Furniture,6,250,1500,311,,,
1326,9/1/2024,North,Priya,Laptop,Electronics,8,800,6400,19,,,
1327,21-02-2024,North,Liam,Tablet,Electronics,10,300,3000,119,,,
1328,10/6/2024,South,Chen,Tablet,Electronics,3,300,900,439,,,
1329,22-01-2024,East,Sara,Cabinet,Furniture,9,350,3150,103,,,
1330,22-01-2024,South,Alex,Tablet,Electronics,1,300,300,605,,,
1331,2/4/2024,North,John,Laptop,Electronics,1,800,800,460,,,
1332,26-06-2024,West,Liam,Chair,Furniture,7,100,700,500,,,
1333,11/1/2024,West,Priya,Laptop,Electronics,8,800,6400,19,,,
1334,23-06-2024,West,Priya,Phone,Electronics,5,500,2500,153,,,
1335,31-01-2024,South,Liam,Desk,Furniture,8,250,2000,232,,,
1336,11/6/2024,North,Sara,Tablet,Electronics,6,300,1800,259,,,
1337,21-04-2024,East,David,Printer,Electronics,10,200,2000,232,,,
1338,27-03-2024,South,Sara,Laptop,Electronics,4,800,3200,96,,,
1339,16-06-2024,East,Mary,Headphones,Electronics,1,150,150,641,,,
1340,29-03-2024,West,Sara,Printer,Electronics,1,200,200,627,,,
1341,22-03-2024,East,Liam,Cabinet,Furniture,7,350,2450,174,,,
1342,25-06-2024,North,John,Laptop,Electronics,6,800,4800,41,,,
1343,31-01-2024,North,Priya,Phone,Electronics,2,500,1000,404,,,
1344,8/1/2024,North,John,Desk,Furniture,7,250,1750,268,,,
1345,26-01-2024,North,Priya,Chair,Furniture,4,100,400,557,,,
1346,16-02-2024,West,David,Phone,Electronics,10,500,5000,29,,,
1347,24-01-2024,North,Chen,Cabinet,Furniture,9,350,3150,99,,,
1348,21-06-2024,West,Chen,Desk,Furniture,7,250,1750,266,,,
1349,30-04-2024,East,Liam,Tablet,Electronics,9,300,2700,139,,,
1350,20-01-2024,North,John,Printer,Electronics,1,200,200,618,,,
1351,11/6/2024,North,Mary,Cabinet,Furniture,8,350,2800,132,,,
1352,28-06-2024,North,John,Phone,Electronics,1,500,500,520,,,
1353,19-02-2024,East,Mary,Chair,Furniture,9,100,900,423,,,
1354,19-03-2024,West,David,Tablet,Electronics,4,300,1200,353,,,
1355,22-06-2024,North,Alex,Phone,Electronics,5,500,2500,147,,,
1356,5/2/2024,West,Liam,Phone,Electronics,9,500,4500,53,,,
1357,25-06-2024,West,Sara,Phone,Electronics,9,500,4500,53,,,
1358,9/2/2024,West,Alex,Phone,Electronics,10,500,5000,29,,,
1359,20-03-2024,East,Liam,Phone,Electronics,1,500,500,514,,,
1360,23-01-2024,North,Sara,Headphones,Electronics,6,150,900,418,,,
1361,1/1/2024,East,Sara,Headphones,Electronics,6,150,900,418,,,
1362,20-04-2024,West,Mary,Phone,Electronics,10,500,5000,29,,,
1363,21-04-2024,North,Mary,Tablet,Electronics,2,300,600,487,,,
1364,24-04-2024,East,David,Desk,Furniture,8,250,2000,220,,,
1365,24-03-2024,South,Alex,Tablet,Electronics,9,300,2700,134,,,
1366,6/1/2024,North,Alex,Chair,Furniture,2,100,200,603,,,
1367,18-02-2024,West,Mary,Tablet,Electronics,5,300,1500,287,,,
1368,2/6/2024,North,Liam,Chair,Furniture,3,100,300,572,,,
1369,25-04-2024,West,Priya,Laptop,Electronics,3,800,2400,173,,,
1370,27-03-2024,North,Priya,Cabinet,Furniture,10,350,3500,70,,,
1371,23-05-2024,East,John,Printer,Electronics,5,200,1000,387,,,
1372,11/5/2024,South,David,Chair,Furniture,10,100,1000,387,,,
1373,17-02-2024,West,Priya,Cabinet,Furniture,5,350,1750,255,,,
1374,8/3/2024,East,Chen,Headphones,Electronics,1,150,150,607,,,
1375,31-03-2024,West,Liam,Chair,Furniture,2,100,200,596,,,
1376,6/6/2024,West,Mary,Laptop,Electronics,6,800,4800,38,,,
1377,21-04-2024,East,Priya,Printer,Electronics,7,200,1400,311,,,
1378,7/4/2024,East,Liam,Cabinet,Furniture,10,350,3500,69,,,
1379,24-05-2024,North,John,Laptop,Electronics,6,800,4800,38,,,
1380,25-02-2024,North,Liam,Headphones,Electronics,5,150,750,443,,,
1381,25-06-2024,North,Alex,Phone,Electronics,2,500,1000,382,,,
1382,2/1/2024,East,Alex,Desk,Furniture,5,250,1250,331,,,
1383,17-06-2024,East,David,Printer,Electronics,1,200,200,589,,,
1384,16-04-2024,North,Liam,Tablet,Electronics,9,300,2700,130,,,
1385,31-03-2024,South,Alex,Tablet,Electronics,1,300,300,559,,,
1386,7/2/2024,West,Chen,Tablet,Electronics,4,300,1200,336,,,
1387,15-04-2024,East,Chen,Desk,Furniture,2,250,500,493,,,
1388,25-02-2024,North,Priya,Chair,Furniture,5,100,500,493,,,
1389,7/2/2024,East,Mary,Printer,Electronics,10,200,2000,213,,,
1390,3/4/2024,North,Sara,Desk,Furniture,10,250,2500,137,,,
1391,23-02-2024,South,Sara,Printer,Electronics,3,200,600,468,,,
1392,19-06-2024,East,John,Printer,Electronics,9,200,1800,236,,,
1393,21-03-2024,South,David,Cabinet,Furniture,8,350,2800,124,,,
1394,6/4/2024,East,Mary,Chair,Furniture,4,100,400,516,,,
1395,3/5/2024,North,John,Chair,Furniture,6,100,600,466,,,
1396,26-05-2024,South,Sara,Phone,Electronics,5,500,2500,136,,,
1397,17-05-2024,South,John,Tablet,Electronics,7,300,2100,189,,,
1398,21-06-2024,South,Sara,Desk,Furniture,6,250,1500,274,,,
1399,25-01-2024,East,Chen,Chair,Furniture,1,100,100,589,,,
1400,29-05-2024,West,Priya,Cabinet,Furniture,6,350,2100,189,,,
1401,6/2/2024,South,David,Printer,Electronics,9,200,1800,232,,,
1402,21-05-2024,West,David,Desk,Furniture,2,250,500,482,,,
1403,23-05-2024,East,Mary,Laptop,Electronics,3,800,2400,165,,,
1404,10/3/2024,West,Priya,Laptop,Electronics,9,800,7200,12,,,
1405,12/6/2024,West,Chen,Printer,Electronics,5,200,1000,368,,,
1406,29-05-2024,North,Sara,Desk,Furniture,6,250,1500,270,,,
1407,1/2/2024,North,Liam,Headphones,Electronics,2,150,300,539,,,
1408,8/2/2024,West,Liam,Cabinet,Furniture,2,350,700,446,,,
1409,15-03-2024,West,Mary,Cabinet,Furniture,9,350,3150,90,,,
1410,23-02-2024,West,Priya,Laptop,Electronics,10,800,8000,1,,,
1411,29-01-2024,South,John,Laptop,Electronics,5,800,4000,52,,,
1412,19-02-2024,West,John,Phone,Electronics,2,500,1000,364,,,
1413,17-06-2024,East,Alex,Tablet,Electronics,3,300,900,384,,,
1414,1/5/2024,South,David,Tablet,Electronics,2,300,600,451,,,
1415,16-01-2024,West,Liam,Laptop,Electronics,8,800,6400,17,,,
1416,3/3/2024,East,Priya,Printer,Electronics,10,200,2000,202,,,
1417,23-03-2024,South,Priya,Desk,Furniture,9,250,2250,174,,,
1418,4/5/2024,North,Liam,Chair,Furniture,1,100,100,571,,,
1419,2/4/2024,West,Liam,Tablet,Electronics,5,300,1500,264,,,
1420,14-04-2024,North,John,Tablet,Electronics,9,300,2700,124,,,
1421,2/1/2024,East,Mary,Cabinet,Furniture,2,350,700,436,,,
1422,1/4/2024,North,Liam,Headphones,Electronics,3,150,450,486,,,
1423,31-01-2024,West,Priya,Desk,Furniture,9,250,2250,173,,,
1424,15-03-2024,North,Chen,Chair,Furniture,4,100,400,490,,,
1425,31-01-2024,East,Mary,Headphones,Electronics,2,150,300,523,,,
1426,27-03-2024,West,Priya,Cabinet,Furniture,10,350,3500,64,,,
1427,7/3/2024,West,Liam,Headphones,Electronics,8,150,1200,314,,,
1428,26-02-2024,South,Alex,Phone,Electronics,7,500,3500,64,,,
1429,8/6/2024,South,Chen,Cabinet,Furniture,6,350,2100,178,,,
1430,26-05-2024,East,Alex,Cabinet,Furniture,4,350,1400,284,,,
1431,3/6/2024,West,Liam,Cabinet,Furniture,2,350,700,430,,,
1432,8/6/2024,East,Sara,Chair,Furniture,1,100,100,558,,,
1433,20-04-2024,North,Chen,Headphones,Electronics,2,150,300,517,,,
1434,12/2/2024,West,John,Headphones,Electronics,5,150,750,410,,,
1435,25-06-2024,West,Chen,Laptop,Electronics,1,800,800,391,,,
1436,12/3/2024,West,David,Laptop,Electronics,7,800,5600,20,,,
1437,18-02-2024,West,Priya,Laptop,Electronics,6,800,4800,34,,,
1438,12/5/2024,North,Chen,Cabinet,Furniture,3,350,1050,333,,,
1439,9/5/2024,East,Priya,Chair,Furniture,5,100,500,453,,,
1440,9/2/2024,South,Alex,Printer,Electronics,7,200,1400,282,,,
1441,6/2/2024,West,Chen,Chair,Furniture,10,100,1000,349,,,
1442,25-01-2024,East,Liam,Phone,Electronics,4,500,2000,194,,,
1443,10/1/2024,South,Chen,Chair,Furniture,1,100,100,548,,,
1444,1/6/2024,West,Chen,Cabinet,Furniture,4,350,1400,281,,,
1445,17-06-2024,South,Chen,Chair,Furniture,1,100,100,547,,,
1446,5/2/2024,East,Priya,Phone,Electronics,10,500,5000,25,,,
1447,17-03-2024,West,Sara,Printer,Electronics,9,200,1800,215,,,
1448,24-04-2024,North,Mary,Desk,Furniture,6,250,1500,254,,,
1449,10/5/2024,South,Priya,Chair,Furniture,7,100,700,418,,,
1450,26-04-2024,West,Alex,Laptop,Electronics,2,800,1600,238,,,
1451,22-01-2024,East,John,Headphones,Electronics,4,150,600,424,,,
1452,7/4/2024,East,Sara,Cabinet,Furniture,1,350,350,492,,,
1453,7/2/2024,West,Alex,Laptop,Electronics,2,800,1600,238,,,
1454,17-04-2024,South,Priya,Headphones,Electronics,6,150,900,361,,,
1455,20-05-2024,East,Alex,Tablet,Electronics,7,300,2100,175,,,
1456,20-01-2024,West,Sara,Phone,Electronics,8,500,4000,48,,,
1457,24-04-2024,East,Sara,Desk,Furniture,10,250,2500,124,,,
1458,2/1/2024,South,Alex,Chair,Furniture,4,100,400,463,,,
1459,2/6/2024,North,Mary,Tablet,Electronics,4,300,1200,298,,,
1460,11/2/2024,North,Sara,Headphones,Electronics,6,150,900,357,,,
1461,4/6/2024,West,John,Chair,Furniture,1,100,100,532,,,
1462,24-03-2024,South,Alex,Desk,Furniture,3,250,750,391,,,
1463,3/6/2024,East,Priya,Laptop,Electronics,6,800,4800,33,,,
1464,24-06-2024,West,Alex,Phone,Electronics,4,500,2000,189,,,
1465,20-04-2024,West,Alex,Chair,Furniture,5,100,500,433,,,
1466,12/1/2024,West,Mary,Desk,Furniture,10,250,2500,123,,,
1467,17-05-2024,East,Chen,Printer,Electronics,10,200,2000,188,,,
1468,5/2/2024,South,Alex,Desk,Furniture,2,250,500,431,,,
1469,5/1/2024,North,Sara,Headphones,Electronics,7,150,1050,317,,,
1470,14-05-2024,North,Priya,Printer,Electronics,9,200,1800,208,,,
1471,16-04-2024,North,Sara,Cabinet,Furniture,6,350,2100,171,,,
1472,14-01-2024,East,Mary,Phone,Electronics,2,500,1000,331,,,
1473,18-06-2024,North,Alex,Desk,Furniture,3,250,750,383,,,
1474,22-02-2024,South,David,Tablet,Electronics,4,300,1200,292,,,
1475,13-05-2024,North,David,Laptop,Electronics,2,800,1600,229,,,
1476,12/3/2024,East,David,Phone,Electronics,6,500,3000,93,,,
1477,7/4/2024,East,David,Desk,Furniture,8,250,2000,186,,,
1478,8/4/2024,South,Sara,Headphones,Electronics,2,150,300,476,,,
1479,10/2/2024,West,Liam,Tablet,Electronics,2,300,600,403,,,
1480,5/4/2024,West,John,Laptop,Electronics,2,800,1600,227,,,
1481,22-05-2024,North,Chen,Chair,Furniture,5,100,500,420,,,
1482,26-03-2024,North,Sara,Laptop,Electronics,5,800,4000,47,,,
1483,21-02-2024,North,Priya,Printer,Electronics,2,200,400,441,,,
1484,26-03-2024,West,Priya,Cabinet,Furniture,9,350,3150,79,,,
1485,22-05-2024,North,Alex,Desk,Furniture,7,250,1750,212,,,
1486,7/2/2024,East,Alex,Cabinet,Furniture,1,350,350,461,,,
1487,28-03-2024,West,Alex,Cabinet,Furniture,10,350,3500,58,,,
1488,26-02-2024,East,John,Cabinet,Furniture,2,350,700,391,,,
1489,2/3/2024,East,Chen,Phone,Electronics,8,500,4000,47,,,
1490,12/1/2024,East,Sara,Desk,Furniture,5,250,1250,277,,,
1491,14-06-2024,North,David,Phone,Electronics,10,500,5000,25,,,
1492,3/5/2024,West,Chen,Desk,Furniture,8,250,2000,181,,,
1493,29-03-2024,East,Liam,Cabinet,Furniture,9,350,3150,76,,,
1494,9/5/2024,South,Mary,Tablet,Electronics,7,300,2100,164,,,
1495,20-04-2024,South,Mary,Phone,Electronics,2,500,1000,316,,,
1496,27-06-2024,South,Mary,Laptop,Electronics,3,800,2400,143,,,
1497,29-05-2024,North,Chen,Tablet,Electronics,10,300,3000,87,,,
1498,18-04-2024,South,David,Phone,Electronics,6,500,3000,87,,,
1499,17-04-2024,North,David,Cabinet,Furniture,4,350,1400,251,,,
1500,2/2/2024,East,Liam,Printer,Electronics,7,200,1400,251,,,
1501,24-04-2024,North,Mary,Cabinet,Furniture,7,350,2450,131,,,
1502,4/6/2024,North,Alex,Desk,Furniture,5,250,1250,267,,,
1503,30-01-2024,North,Mary,Printer,Electronics,7,200,1400,250,,,
1504,20-04-2024,South,David,Chair,Furniture,4,100,400,422,,,
1505,8/2/2024,South,Sara,Tablet,Electronics,9,300,2700,108,,,
1506,25-02-2024,North,Mary,Tablet,Electronics,8,300,2400,139,,,
1507,12/4/2024,North,Alex,Laptop,Electronics,6,800,4800,32,,,
1508,19-03-2024,South,Priya,Headphones,Electronics,1,150,150,480,,,
1509,22-02-2024,East,David,Headphones,Electronics,5,150,750,356,,,
1510,12/4/2024,South,Priya,Printer,Electronics,9,200,1800,190,,,
1511,27-02-2024,South,John,Chair,Furniture,4,100,400,417,,,
1512,21-02-2024,West,David,Printer,Electronics,5,200,1000,304,,,
1513,20-01-2024,East,Chen,Chair,Furniture,1,100,100,481,,,
1514,7/2/2024,South,Liam,Tablet,Electronics,3,300,900,320,,,
1515,23-04-2024,South,David,Headphones,Electronics,9,150,1350,256,,,
1516,28-06-2024,East,Sara,Cabinet,Furniture,4,350,1400,246,,,
1517,17-03-2024,East,Liam,Tablet,Electronics,10,300,3000,86,,,
1518,4/1/2024,North,Priya,Tablet,Electronics,6,300,1800,189,,,
1519,11/1/2024,North,David,Desk,Furniture,2,250,500,389,,,
1520,16-01-2024,East,Liam,Chair,Furniture,4,100,400,410,,,
1521,29-06-2024,South,John,Desk,Furniture,4,250,1000,300,,,
1522,14-05-2024,West,David,Laptop,Electronics,10,800,8000,1,,,
1523,23-01-2024,West,Sara,Headphones,Electronics,10,150,1500,219,,,
1524,26-05-2024,East,Sara,Laptop,Electronics,1,800,800,328,,,
1525,12/3/2024,North,Alex,Cabinet,Furniture,8,350,2800,100,,,
1526,30-04-2024,West,Alex,Desk,Furniture,4,250,1000,297,,,
1527,31-05-2024,West,David,Desk,Furniture,3,250,750,343,,,
1528,9/4/2024,West,John,Tablet,Electronics,7,300,2100,154,,,
1529,24-05-2024,East,Sara,Cabinet,Furniture,9,350,3150,74,,,
1530,6/5/2024,West,Priya,Desk,Furniture,9,250,2250,146,,,
1531,16-04-2024,West,Priya,Headphones,Electronics,6,150,900,308,,,
1532,15-02-2024,West,Alex,Printer,Electronics,2,200,400,399,,,
1533,21-04-2024,East,Alex,Tablet,Electronics,10,300,3000,84,,,
1534,8/6/2024,West,Chen,Laptop,Electronics,8,800,6400,16,,,
1535,14-03-2024,East,Liam,Laptop,Electronics,5,800,4000,43,,,
1536,19-05-2024,North,Alex,Headphones,Electronics,7,150,1050,275,,,
1537,15-05-2024,East,Chen,Tablet,Electronics,6,300,1800,181,,,
1538,23-05-2024,South,Chen,Tablet,Electronics,7,300,2100,149,,,
1539,25-03-2024,South,Liam,Laptop,Electronics,1,800,800,316,,,
1540,19-02-2024,North,Chen,Printer,Electronics,9,200,1800,180,,,
1541,23-02-2024,East,Priya,Cabinet,Furniture,6,350,2100,149,,,
1542,13-06-2024,East,John,Phone,Electronics,10,500,5000,23,,,
1543,13-02-2024,East,Mary,Cabinet,Furniture,3,350,1050,270,,,
1544,27-02-2024,East,Sara,Phone,Electronics,2,500,1000,284,,,
1545,1/2/2024,East,John,Cabinet,Furniture,5,350,1750,183,,,
1546,24-03-2024,West,Liam,Desk,Furniture,7,250,1750,183,,,
1547,22-06-2024,North,Priya,Tablet,Electronics,10,300,3000,81,,,
1548,25-04-2024,East,Liam,Cabinet,Furniture,9,350,3150,71,,,
1549,7/5/2024,South,David,Tablet,Electronics,4,300,1200,244,,,
1550,11/2/2024,West,Liam,Laptop,Electronics,7,800,5600,18,,,
1551,30-01-2024,South,Chen,Desk,Furniture,8,250,2000,157,,,
1552,18-06-2024,North,Sara,Cabinet,Furniture,3,350,1050,263,,,
1553,7/2/2024,West,Sara,Laptop,Electronics,4,800,3200,65,,,
1554,19-05-2024,West,Chen,Tablet,Electronics,8,300,2400,126,,,
1555,11/6/2024,North,Alex,Cabinet,Furniture,4,350,1400,222,,,
1556,5/2/2024,South,Priya,Printer,Electronics,2,200,400,376,,,
1557,7/2/2024,West,Priya,Headphones,Electronics,7,150,1050,260,,,
1558,26-06-2024,West,Alex,Desk,Furniture,1,250,250,416,,,
1559,24-06-2024,South,John,Cabinet,Furniture,3,350,1050,260,,,
1560,13-03-2024,South,Liam,Chair,Furniture,1,100,100,435,,,
1561,15-03-2024,North,Liam,Printer,Electronics,4,200,800,298,,,
1562,22-05-2024,North,Sara,Tablet,Electronics,10,300,3000,78,,,
1563,1/1/2024,West,Liam,Laptop,Electronics,2,800,1600,186,,,
1564,7/6/2024,South,David,Desk,Furniture,9,250,2250,136,,,
1565,8/1/2024,North,Liam,Tablet,Electronics,7,300,2100,141,,,
1566,17-01-2024,East,John,Desk,Furniture,5,250,1250,231,,,
1567,20-06-2024,North,Liam,Cabinet,Furniture,1,350,350,385,,,
1568,7/6/2024,West,David,Chair,Furniture,4,100,400,368,,,
1569,19-02-2024,North,John,Phone,Electronics,5,500,2500,99,,,
1570,4/4/2024,South,David,Phone,Electronics,6,500,3000,78,,,
1571,11/2/2024,North,Mary,Printer,Electronics,10,200,2000,150,,,
1572,26-06-2024,South,John,Phone,Electronics,6,500,3000,78,,,
1573,18-05-2024,East,Priya,Headphones,Electronics,10,150,1500,191,,,
1574,5/3/2024,South,David,Chair,Furniture,5,100,500,342,,,
1575,5/1/2024,East,Priya,Laptop,Electronics,5,800,4000,41,,,
1576,13-03-2024,West,Priya,Chair,Furniture,7,100,700,317,,,
1577,7/3/2024,East,Priya,Printer,Electronics,7,200,1400,212,,,
1578,9/2/2024,South,Sara,Tablet,Electronics,9,300,2700,91,,,
1579,2/1/2024,East,David,Tablet,Electronics,1,300,300,380,,,
1580,23-04-2024,South,Sara,Desk,Furniture,6,250,1500,189,,,
1581,8/4/2024,North,Alex,Cabinet,Furniture,10,350,3500,49,,,
1582,28-05-2024,South,Mary,Cabinet,Furniture,7,350,2450,110,,,
1583,22-02-2024,North,Sara,Tablet,Electronics,10,300,3000,76,,,
1584,13-05-2024,South,Priya,Printer,Electronics,9,200,1800,160,,,
1585,20-06-2024,East,Priya,Cabinet,Furniture,4,350,1400,206,,,
1586,30-03-2024,West,Alex,Tablet,Electronics,5,300,1500,185,,,
1587,25-02-2024,East,Liam,Phone,Electronics,6,500,3000,76,,,
1588,19-02-2024,West,John,Chair,Furniture,8,100,800,277,,,
1589,8/3/2024,East,Chen,Cabinet,Furniture,9,350,3150,67,,,
1590,23-01-2024,East,Priya,Printer,Electronics,4,200,800,276,,,
1591,2/5/2024,East,Chen,Chair,Furniture,1,100,100,405,,,
1592,4/2/2024,North,Alex,Chair,Furniture,3,100,300,369,,,
1593,25-04-2024,West,John,Printer,Electronics,8,200,1600,172,,,
1594,14-06-2024,North,Liam,Chair,Furniture,2,100,200,389,,,
1595,17-06-2024,South,David,Cabinet,Furniture,3,350,1050,237,,,
1596,14-04-2024,South,David,Cabinet,Furniture,8,350,2800,83,,,
1597,7/5/2024,South,Sara,Headphones,Electronics,9,150,1350,207,,,
1598,10/2/2024,South,Chen,Cabinet,Furniture,9,350,3150,67,,,
1599,27-01-2024,West,Sara,Tablet,Electronics,3,300,900,257,,,
1600,19-01-2024,North,Liam,Headphones,Electronics,6,150,900,257,,,
1601,13-06-2024,East,Alex,Phone,Electronics,5,500,2500,89,,,
1602,3/3/2024,North,Mary,Cabinet,Furniture,10,350,3500,49,,,
1603,28-02-2024,West,Liam,Chair,Furniture,8,100,800,267,,,
1604,12/4/2024,North,Priya,Printer,Electronics,1,200,200,380,,,
1605,12/6/2024,West,Alex,Printer,Electronics,2,200,400,337,,,
1606,6/5/2024,West,Priya,Chair,Furniture,3,100,300,358,,,
1607,15-04-2024,West,David,Cabinet,Furniture,1,350,350,352,,,
1608,18-01-2024,West,David,Headphones,Electronics,3,150,450,332,,,
1609,28-01-2024,East,Mary,Desk,Furniture,6,250,1500,178,,,
1610,4/1/2024,South,Alex,Headphones,Electronics,7,150,1050,231,,,
1611,14-01-2024,South,Priya,Tablet,Electronics,3,300,900,253,,,
1612,10/1/2024,North,Mary,Laptop,Electronics,7,800,5600,18,,,
1613,16-01-2024,South,Priya,Headphones,Electronics,6,150,900,252,,,
1614,9/3/2024,East,Sara,Cabinet,Furniture,9,350,3150,65,,,
1615,23-06-2024,West,Mary,Cabinet,Furniture,9,350,3150,65,,,
1616,20-05-2024,West,Sara,Desk,Furniture,3,250,750,272,,,
1617,2/1/2024,North,Sara,Desk,Furniture,2,250,500,309,,,
1618,5/1/2024,South,Priya,Tablet,Electronics,8,300,2400,108,,,
1619,7/5/2024,West,Liam,Headphones,Electronics,9,150,1350,199,,,
1620,21-04-2024,West,Mary,Cabinet,Furniture,1,350,350,340,,,
1621,8/2/2024,East,Liam,Desk,Furniture,9,250,2250,118,,,
1622,7/6/2024,East,Priya,Desk,Furniture,3,250,750,269,,,
1623,13-02-2024,South,Mary,Phone,Electronics,4,500,2000,133,,,
1624,20-03-2024,North,Chen,Cabinet,Furniture,7,350,2450,100,,,
1625,28-06-2024,South,Chen,Headphones,Electronics,5,150,750,267,,,
1626,29-04-2024,East,Alex,Headphones,Electronics,9,150,1350,196,,,
1627,31-05-2024,East,John,Headphones,Electronics,8,150,1200,201,,,
1628,30-03-2024,West,Liam,Printer,Electronics,6,200,1200,201,,,
1629,11/4/2024,North,Priya,Desk,Furniture,7,250,1750,151,,,
1630,30-03-2024,North,Mary,Tablet,Electronics,4,300,1200,200,,,
1631,22-03-2024,East,Mary,Tablet,Electronics,6,300,1800,147,,,
1632,20-02-2024,East,Mary,Laptop,Electronics,7,800,5600,18,,,
1633,16-04-2024,North,Alex,Cabinet,Furniture,7,350,2450,99,,,
1634,19-02-2024,North,Liam,Desk,Furniture,10,250,2500,84,,,
1635,4/3/2024,East,David,Phone,Electronics,4,500,2000,129,,,
1636,9/5/2024,West,David,Headphones,Electronics,1,150,150,356,,,
1637,5/5/2024,East,Sara,Laptop,Electronics,9,800,7200,10,,,
1638,23-06-2024,East,John,Phone,Electronics,9,500,4500,33,,,
1639,13-02-2024,North,Chen,Tablet,Electronics,4,300,1200,193,,,
1640,14-03-2024,North,Liam,Headphones,Electronics,2,150,300,326,,,
1641,7/6/2024,West,Liam,Laptop,Electronics,9,800,7200,10,,,
1642,12/2/2024,East,Alex,Cabinet,Furniture,3,350,1050,209,,,
1643,14-05-2024,South,John,Laptop,Electronics,5,800,4000,36,,,
1644,16-04-2024,East,David,Chair,Furniture,10,100,1000,216,,,
1645,10/2/2024,South,John,Cabinet,Furniture,7,350,2450,94,,,
1646,20-04-2024,East,Alex,Phone,Electronics,5,500,2500,80,,,
1647,15-02-2024,East,Chen,Headphones,Electronics,2,150,300,320,,,
1648,3/4/2024,East,Priya,Printer,Electronics,3,200,600,265,,,
1649,8/4/2024,East,Alex,Phone,Electronics,10,500,5000,18,,,
1650,22-01-2024,East,Sara,Laptop,Electronics,10,800,8000,1,,,
1651,20-01-2024,West,Mary,Headphones,Electronics,8,150,1200,187,,,
1652,12/6/2024,South,David,Chair,Furniture,1,100,100,345,,,
1653,6/1/2024,East,Chen,Cabinet,Furniture,10,350,3500,41,,,
1654,1/3/2024,West,Mary,Printer,Electronics,6,200,1200,186,,,
1655,28-01-2024,North,Sara,Headphones,Electronics,5,150,750,243,,,
1656,8/1/2024,North,Priya,Printer,Electronics,9,200,1800,134,,,
1657,16-05-2024,South,Chen,Phone,Electronics,6,500,3000,62,,,
1658,12/3/2024,East,Liam,Printer,Electronics,2,200,400,292,,,
1659,23-03-2024,East,Chen,Laptop,Electronics,2,800,1600,144,,,
1660,6/5/2024,West,David,Tablet,Electronics,7,300,2100,108,,,
1661,5/3/2024,West,Sara,Desk,Furniture,2,250,500,272,,,
1662,13-06-2024,West,Liam,Cabinet,Furniture,3,350,1050,197,,,
1663,26-02-2024,South,Alex,Chair,Furniture,5,100,500,271,,,
1664,12/6/2024,West,Liam,Desk,Furniture,3,250,750,238,,,
1665,17-06-2024,North,John,Headphones,Electronics,7,150,1050,197,,,
1666,21-02-2024,West,David,Cabinet,Furniture,1,350,350,299,,,
1667,20-06-2024,North,David,Headphones,Electronics,4,150,600,252,,,
1668,1/3/2024,East,John,Desk,Furniture,1,250,250,313,,,
1669,27-06-2024,West,Alex,Chair,Furniture,6,100,600,252,,,
1670,22-05-2024,East,David,Chair,Furniture,7,100,700,247,,,
1671,19-05-2024,West,Liam,Headphones,Electronics,9,150,1350,177,,,
1672,20-05-2024,West,Mary,Tablet,Electronics,4,300,1200,181,,,
1673,6/5/2024,South,Sara,Cabinet,Furniture,1,350,350,294,,,
1674,14-01-2024,East,Liam,Cabinet,Furniture,6,350,2100,108,,,
1675,21-01-2024,West,Mary,Laptop,Electronics,9,800,7200,9,,,
1676,6/3/2024,West,Liam,Tablet,Electronics,2,300,600,247,,,
1677,16-03-2024,West,Alex,Desk,Furniture,2,250,500,261,,,
1678,27-03-2024,West,Priya,Headphones,Electronics,6,150,900,211,,,
1679,5/5/2024,North,Mary,Tablet,Electronics,7,300,2100,107,,,
1680,14-05-2024,South,Chen,Headphones,Electronics,10,150,1500,149,,,
1681,26-06-2024,South,Priya,Desk,Furniture,7,250,1750,131,,,
1682,17-04-2024,East,Alex,Headphones,Electronics,2,150,300,288,,,
1683,20-06-2024,North,John,Printer,Electronics,9,200,1800,129,,,
1684,28-03-2024,West,David,Tablet,Electronics,7,300,2100,107,,,
1685,5/5/2024,North,David,Cabinet,Furniture,1,350,350,284,,,
1686,25-05-2024,North,Alex,Phone,Electronics,3,500,1500,146,,,
1687,12/3/2024,West,David,Laptop,Electronics,4,800,3200,52,,,
1688,24-05-2024,East,Sara,Cabinet,Furniture,10,350,3500,40,,,
1689,4/1/2024,North,Sara,Printer,Electronics,1,200,200,298,,,
1690,4/3/2024,West,Sara,Chair,Furniture,3,100,300,282,,,
1691,26-01-2024,South,Sara,Desk,Furniture,8,250,2000,112,,,
1692,9/2/2024,South,Sara,Tablet,Electronics,7,300,2100,105,,,
1693,20-03-2024,West,John,Cabinet,Furniture,10,350,3500,40,,,
1694,2/5/2024,East,Alex,Cabinet,Furniture,5,350,1750,124,,,
1695,5/4/2024,North,David,Headphones,Electronics,4,150,600,234,,,
1696,4/5/2024,West,Chen,Laptop,Electronics,4,800,3200,50,,,
1697,12/1/2024,West,John,Phone,Electronics,7,500,3500,40,,,
1698,9/6/2024,East,David,Headphones,Electronics,2,150,300,275,,,
1699,7/6/2024,South,Mary,Printer,Electronics,4,200,800,206,,,
1700,29-01-2024,East,David,Chair,Furniture,4,100,400,259,,,
1701,14-02-2024,North,Liam,Phone,Electronics,7,500,3500,40,,,
1702,10/1/2024,East,John,Phone,Electronics,8,500,4000,33,,,
1703,27-03-2024,East,Mary,Desk,Furniture,6,250,1500,136,,,
1704,19-02-2024,North,John,Desk,Furniture,10,250,2500,68,,,
1705,22-06-2024,West,Mary,Printer,Electronics,10,200,2000,105,,,
1706,27-05-2024,East,Mary,Cabinet,Furniture,6,350,2100,99,,,
1707,14-02-2024,North,Alex,Headphones,Electronics,8,150,1200,159,,,
1708,26-04-2024,North,Alex,Cabinet,Furniture,4,350,1400,149,,,
1709,21-02-2024,South,Sara,Cabinet,Furniture,4,350,1400,149,,,
1710,30-01-2024,North,Chen,Laptop,Electronics,10,800,8000,1,,,
1711,9/6/2024,South,David,Desk,Furniture,6,250,1500,132,,,
1712,1/6/2024,West,John,Desk,Furniture,3,250,750,206,,,
1713,7/1/2024,North,Priya,Laptop,Electronics,7,800,5600,13,,,
1714,9/6/2024,East,David,Laptop,Electronics,8,800,6400,11,,,
1715,21-03-2024,South,Alex,Tablet,Electronics,8,300,2400,82,,,
1716,22-03-2024,East,Mary,Phone,Electronics,9,500,4500,26,,,
1717,15-06-2024,East,Chen,Cabinet,Furniture,7,350,2450,76,,,
1718,15-06-2024,West,Mary,Laptop,Electronics,6,800,4800,18,,,
1719,24-02-2024,South,Sara,Laptop,Electronics,10,800,8000,1,,,
1720,26-05-2024,North,Liam,Phone,Electronics,8,500,4000,27,,,
1721,19-03-2024,South,Chen,Desk,Furniture,7,250,1750,108,,,
1722,6/3/2024,South,John,Laptop,Electronics,7,800,5600,11,,,
1723,25-02-2024,East,David,Desk,Furniture,3,250,750,196,,,
1724,16-01-2024,North,Sara,Cabinet,Furniture,5,350,1750,107,,,
1725,29-05-2024,North,Mary,Chair,Furniture,8,100,800,184,,,
1726,1/4/2024,West,Chen,Phone,Electronics,7,500,3500,31,,,
1727,8/2/2024,South,Priya,Phone,Electronics,7,500,3500,31,,,
1728,22-03-2024,East,John,Chair,Furniture,3,100,300,246,,,
1729,8/1/2024,South,Mary,Headphones,Electronics,1,150,150,265,,,
1730,16-05-2024,North,David,Tablet,Electronics,9,300,2700,54,,,
1731,22-03-2024,South,Sara,Laptop,Electronics,1,800,800,181,,,
1732,31-05-2024,South,Priya,Chair,Furniture,6,100,600,202,,,
1733,5/5/2024,North,Alex,Headphones,Electronics,10,150,1500,118,,,
1734,31-05-2024,South,Chen,Cabinet,Furniture,7,350,2450,69,,,
1735,8/6/2024,West,John,Cabinet,Furniture,9,350,3150,39,,,
1736,10/3/2024,South,Alex,Phone,Electronics,5,500,2500,56,,,
1737,17-02-2024,South,John,Desk,Furniture,7,250,1750,101,,,
1738,19-04-2024,North,Mary,Desk,Furniture,3,250,750,185,,,
1739,2/4/2024,East,Sara,Laptop,Electronics,2,800,1600,105,,,
1740,17-05-2024,North,Chen,Printer,Electronics,6,200,1200,135,,,
1741,22-02-2024,West,John,Headphones,Electronics,2,150,300,235,,,
1742,8/4/2024,West,Alex,Chair,Furniture,8,100,800,174,,,
1743,30-01-2024,North,Priya,Headphones,Electronics,6,150,900,165,,,
1744,10/2/2024,South,Chen,Desk,Furniture,1,250,250,240,,,
1745,6/1/2024,East,David,Tablet,Electronics,10,300,3000,43,,,
1746,5/2/2024,West,Mary,Desk,Furniture,3,250,750,180,,,
1747,30-03-2024,South,Mary,Chair,Furniture,8,100,800,172,,,
1748,8/5/2024,South,Chen,Chair,Furniture,10,100,1000,152,,,
1749,5/1/2024,South,Chen,Tablet,Electronics,4,300,1200,134,,,
1750,13-01-2024,North,Mary,Tablet,Electronics,4,300,1200,134,,,
1751,15-03-2024,South,Mary,Phone,Electronics,8,500,4000,26,,,
1752,23-01-2024,East,Mary,Desk,Furniture,4,250,1000,149,,,
1753,28-02-2024,West,Mary,Chair,Furniture,4,100,400,211,,,
1754,27-03-2024,South,John,Laptop,Electronics,4,800,3200,36,,,
1755,21-03-2024,North,Chen,Chair,Furniture,8,100,800,166,,,
1756,22-06-2024,West,Priya,Laptop,Electronics,2,800,1600,102,,,
1757,8/3/2024,East,Chen,Phone,Electronics,6,500,3000,41,,,
1758,18-05-2024,West,Alex,Headphones,Electronics,6,150,900,156,,,
1759,22-06-2024,North,Alex,Tablet,Electronics,1,300,300,219,,,
1760,6/4/2024,West,Sara,Tablet,Electronics,3,300,900,156,,,
1761,18-06-2024,North,Alex,Cabinet,Furniture,7,350,2450,63,,,
1762,9/6/2024,East,Alex,Printer,Electronics,10,200,2000,83,,,
1763,2/2/2024,East,Mary,Phone,Electronics,3,500,1500,106,,,
1764,3/3/2024,North,Chen,Tablet,Electronics,5,300,1500,106,,,
1765,25-06-2024,East,David,Laptop,Electronics,6,800,4800,16,,,
1766,11/3/2024,West,Chen,Tablet,Electronics,9,300,2700,48,,,
1767,14-02-2024,South,Sara,Tablet,Electronics,4,300,1200,124,,,
1768,20-05-2024,West,Alex,Tablet,Electronics,8,300,2400,63,,,
1769,1/2/2024,South,David,Cabinet,Furniture,9,350,3150,36,,,
1770,5/2/2024,East,Mary,Tablet,Electronics,8,300,2400,62,,,
1771,1/3/2024,North,Liam,Cabinet,Furniture,10,350,3500,29,,,
1772,29-05-2024,South,Priya,Printer,Electronics,2,200,400,194,,,
1773,5/2/2024,West,Priya,Laptop,Electronics,10,800,8000,1,,,
1774,16-03-2024,East,Alex,Tablet,Electronics,8,300,2400,60,,,
1775,25-04-2024,South,John,Chair,Furniture,1,100,100,223,,,
1776,14-02-2024,South,Liam,Desk,Furniture,10,250,2500,47,,,
1777,14-06-2024,West,Mary,Desk,Furniture,9,250,2250,65,,,
1778,26-04-2024,East,Sara,Printer,Electronics,4,200,800,147,,,
1779,23-03-2024,East,John,Chair,Furniture,2,100,200,211,,,
1780,11/6/2024,East,Priya,Cabinet,Furniture,8,350,2800,42,,,
1781,16-04-2024,West,Liam,Phone,Electronics,3,500,1500,95,,,
1782,1/4/2024,North,David,Chair,Furniture,10,100,1000,129,,,
1783,26-05-2024,South,Sara,Chair,Furniture,1,100,100,216,,,
1784,20-04-2024,North,John,Chair,Furniture,7,100,700,155,,,
1785,6/5/2024,North,Mary,Headphones,Electronics,4,150,600,158,,,
1786,11/6/2024,East,Sara,Desk,Furniture,8,250,2000,72,,,
1787,4/4/2024,West,Mary,Desk,Furniture,6,250,1500,94,,,
1788,9/1/2024,North,Chen,Cabinet,Furniture,3,350,1050,121,,,
1789,2/1/2024,South,Priya,Printer,Electronics,2,200,400,181,,,
1790,31-03-2024,South,Sara,Chair,Furniture,10,100,1000,126,,,
1791,14-03-2024,East,Chen,Desk,Furniture,9,250,2250,64,,,
1792,21-06-2024,West,Priya,Laptop,Electronics,6,800,4800,15,,,
1793,7/5/2024,North,Mary,Cabinet,Furniture,9,350,3150,33,,,
1794,21-04-2024,South,Sara,Laptop,Electronics,6,800,4800,15,,,
1795,28-03-2024,West,Chen,Tablet,Electronics,2,300,600,150,,,
1796,20-06-2024,South,Priya,Tablet,Electronics,9,300,2700,41,,,
1797,29-05-2024,West,Chen,Phone,Electronics,5,500,2500,42,,,
1798,25-03-2024,East,John,Phone,Electronics,1,500,500,158,,,
1799,13-04-2024,North,David,Phone,Electronics,5,500,2500,42,,,
1800,18-01-2024,West,John,Tablet,Electronics,2,300,600,147,,,
1801,13-03-2024,South,Chen,Tablet,Electronics,10,300,3000,34,,,
1802,27-06-2024,West,David,Desk,Furniture,9,250,2250,57,,,
1803,15-02-2024,West,Mary,Printer,Electronics,2,200,400,168,,,
1804,15-06-2024,North,John,Phone,Electronics,1,500,500,154,,,
1805,19-02-2024,West,Sara,Headphones,Electronics,1,150,150,192,,,
1806,13-06-2024,South,Mary,Laptop,Electronics,10,800,8000,1,,,
1807,27-03-2024,West,Sara,Desk,Furniture,2,250,500,153,,,
1808,25-04-2024,South,John,Headphones,Electronics,5,150,750,135,,,
1809,6/4/2024,North,David,Tablet,Electronics,10,300,3000,33,,,
1810,8/5/2024,East,David,Chair,Furniture,4,100,400,163,,,
1811,2/5/2024,West,Alex,Laptop,Electronics,1,800,800,129,,,
1812,1/6/2024,West,Chen,Desk,Furniture,3,250,750,133,,,
1813,18-04-2024,North,Alex,Laptop,Electronics,10,800,8000,1,,,
1814,11/2/2024,South,Alex,Tablet,Electronics,8,300,2400,48,,,
1815,7/3/2024,South,Mary,Phone,Electronics,4,500,2000,59,,,
1816,9/4/2024,East,Alex,Laptop,Electronics,4,800,3200,29,,,
1817,3/5/2024,West,Alex,Laptop,Electronics,10,800,8000,1,,,
1818,7/4/2024,West,David,Chair,Furniture,1,100,100,182,,,
1819,16-01-2024,South,Chen,Headphones,Electronics,1,150,150,180,,,
1820,19-06-2024,East,Alex,Desk,Furniture,10,250,2500,36,,,
1821,11/5/2024,West,Priya,Printer,Electronics,10,200,2000,56,,,
1822,19-02-2024,East,David,Tablet,Electronics,5,300,1500,76,,,
1823,23-01-2024,East,Liam,Laptop,Electronics,10,800,8000,1,,,
1824,2/1/2024,East,Mary,Phone,Electronics,9,500,4500,15,,,
1825,17-06-2024,East,Alex,Headphones,Electronics,3,150,450,147,,,
1826,21-01-2024,South,Alex,Desk,Furniture,6,250,1500,74,,,
1827,11/4/2024,North,Alex,Printer,Electronics,7,200,1400,82,,,
1828,11/1/2024,East,Chen,Cabinet,Furniture,10,350,3500,21,,,
1829,24-02-2024,North,Mary,Tablet,Electronics,2,300,600,127,,,
1830,16-03-2024,East,John,Headphones,Electronics,10,150,1500,73,,,
1831,23-06-2024,North,Mary,Chair,Furniture,4,100,400,145,,,
1832,27-04-2024,South,John,Chair,Furniture,1,100,100,169,,,
1833,9/2/2024,South,Alex,Cabinet,Furniture,9,350,3150,25,,,
1834,25-01-2024,North,David,Printer,Electronics,2,200,400,144,,,
1835,10/2/2024,South,Priya,Laptop,Electronics,2,800,1600,65,,,
1836,11/3/2024,West,Alex,Phone,Electronics,1,500,500,132,,,
1837,15-03-2024,North,Priya,Headphones,Electronics,10,150,1500,71,,,
1838,9/4/2024,North,Alex,Laptop,Electronics,6,800,4800,11,,,
1839,4/2/2024,East,Chen,Tablet,Electronics,7,300,2100,46,,,
1840,23-03-2024,South,Mary,Chair,Furniture,2,100,200,156,,,
1841,22-04-2024,West,Liam,Phone,Electronics,8,500,4000,16,,,
1842,1/2/2024,North,John,Headphones,Electronics,6,150,900,103,,,
1843,22-03-2024,West,Alex,Chair,Furniture,6,100,600,119,,,
1844,6/5/2024,West,Sara,Headphones,Electronics,4,150,600,119,,,
1845,27-03-2024,West,John,Printer,Electronics,7,200,1400,74,,,
1846,6/2/2024,East,David,Printer,Electronics,9,200,1800,57,,,
1847,21-01-2024,North,Liam,Printer,Electronics,2,200,400,133,,,
1848,25-03-2024,East,Liam,Headphones,Electronics,7,150,1050,88,,,
1849,4/6/2024,North,Alex,Phone,Electronics,5,500,2500,30,,,
1850,5/5/2024,South,John,Desk,Furniture,7,250,1750,56,,,
1851,23-01-2024,West,Liam,Phone,Electronics,10,500,5000,6,,,
1852,13-03-2024,South,Liam,Phone,Electronics,2,500,1000,89,,,
1853,19-04-2024,East,David,Printer,Electronics,4,200,800,101,,,
1854,12/1/2024,West,Liam,Headphones,Electronics,4,150,600,111,,,
1855,26-03-2024,North,Alex,Headphones,Electronics,6,150,900,96,,,
1856,5/5/2024,North,Mary,Headphones,Electronics,3,150,450,122,,,
1857,11/4/2024,West,Liam,Headphones,Electronics,2,150,300,130,,,
1858,1/6/2024,North,Liam,Phone,Electronics,9,500,4500,13,,,
1859,9/5/2024,East,Sara,Chair,Furniture,3,100,300,129,,,
1860,13-02-2024,East,Mary,Laptop,Electronics,2,800,1600,57,,,
1861,20-06-2024,West,John,Desk,Furniture,5,250,1250,71,,,
1862,28-03-2024,North,Alex,Headphones,Electronics,5,150,750,100,,,
1863,22-06-2024,West,Chen,Chair,Furniture,5,100,500,111,,,
1864,13-03-2024,East,David,Headphones,Electronics,9,150,1350,70,,,
1865,28-05-2024,South,John,Desk,Furniture,10,250,2500,28,,,
1866,16-06-2024,North,Liam,Desk,Furniture,4,250,1000,84,,,
1867,10/4/2024,West,Liam,Tablet,Electronics,7,300,2100,41,,,
1868,14-02-2024,South,Alex,Headphones,Electronics,4,150,600,102,,,
1869,14-06-2024,West,Liam,Laptop,Electronics,9,800,7200,2,,,
1870,15-04-2024,West,Chen,Laptop,Electronics,1,800,800,92,,,
1871,20-01-2024,North,Sara,Printer,Electronics,1,200,200,126,,,
1872,2/4/2024,South,David,Headphones,Electronics,2,150,300,118,,,
1873,11/6/2024,North,Sara,Laptop,Electronics,10,800,8000,1,,,
1874,31-01-2024,North,Sara,Tablet,Electronics,3,300,900,87,,,
1875,1/6/2024,West,Chen,Chair,Furniture,4,100,400,110,,,
1876,5/1/2024,East,John,Printer,Electronics,10,200,2000,42,,,
1877,25-06-2024,North,Sara,Laptop,Electronics,6,800,4800,8,,,
1878,8/1/2024,North,Priya,Chair,Furniture,4,100,400,108,,,
1879,24-02-2024,North,Priya,Laptop,Electronics,6,800,4800,8,,,
1880,26-03-2024,West,John,Laptop,Electronics,3,800,2400,31,,,
1881,21-05-2024,North,David,Desk,Furniture,8,250,2000,39,,,
1882,2/6/2024,West,David,Tablet,Electronics,3,300,900,82,,,
1883,27-05-2024,West,John,Desk,Furniture,2,250,500,96,,,
1884,14-02-2024,East,John,Desk,Furniture,8,250,2000,39,,,
1885,28-01-2024,North,Mary,Desk,Furniture,9,250,2250,35,,,
1886,20-05-2024,South,Priya,Tablet,Electronics,1,300,300,105,,,
1887,23-03-2024,East,Chen,Desk,Furniture,2,250,500,94,,,
1888,10/2/2024,North,Liam,Tablet,Electronics,8,300,2400,31,,,
1889,27-01-2024,South,Sara,Chair,Furniture,9,100,900,79,,,
1890,11/4/2024,East,John,Printer,Electronics,1,200,200,108,,,
1891,31-03-2024,North,Mary,Phone,Electronics,3,500,1500,50,,,
1892,25-04-2024,North,Mary,Phone,Electronics,10,500,5000,4,,,
1893,9/5/2024,North,Chen,Printer,Electronics,6,200,1200,58,,,
1894,21-06-2024,South,John,Cabinet,Furniture,7,350,2450,28,,,
1895,23-04-2024,East,John,Phone,Electronics,10,500,5000,4,,,
1896,2/5/2024,North,Liam,Phone,Electronics,9,500,4500,7,,,
1897,28-04-2024,East,Mary,Headphones,Electronics,3,150,450,90,,,
1898,31-05-2024,North,Chen,Cabinet,Furniture,7,350,2450,26,,,
1899,11/4/2024,North,Alex,Headphones,Electronics,10,150,1500,45,,,
1900,15-06-2024,West,Chen,Phone,Electronics,5,500,2500,21,,,
1901,1/6/2024,East,Alex,Chair,Furniture,2,100,200,98,,,
1902,7/1/2024,South,Liam,Printer,Electronics,6,200,1200,52,,,
1903,21-05-2024,North,Priya,Headphones,Electronics,7,150,1050,59,,,
1904,31-03-2024,West,David,Tablet,Electronics,4,300,1200,52,,,
1905,5/4/2024,East,Chen,Chair,Furniture,6,100,600,76,,,
1906,3/4/2024,West,Alex,Desk,Furniture,7,250,1750,36,,,
1907,6/5/2024,West,Priya,Phone,Electronics,3,500,1500,43,,,
1908,3/4/2024,East,Liam,Printer,Electronics,8,200,1600,38,,,
1909,3/1/2024,South,John,Printer,Electronics,10,200,2000,31,,,
1910,13-02-2024,North,Liam,Desk,Furniture,2,250,500,75,,,
1911,13-05-2024,South,Mary,Laptop,Electronics,5,800,4000,7,,,
1912,25-05-2024,North,Sara,Desk,Furniture,5,250,1250,45,,,
1913,25-05-2024,South,Liam,Cabinet,Furniture,10,350,3500,9,,,
1914,26-02-2024,South,Sara,Headphones,Electronics,8,150,1200,45,,,
1915,11/6/2024,West,David,Cabinet,Furniture,2,350,700,65,,,
1916,3/2/2024,East,David,Tablet,Electronics,4,300,1200,45,,,
1917,3/1/2024,West,Chen,Cabinet,Furniture,5,350,1750,33,,,
1918,9/3/2024,West,Chen,Tablet,Electronics,5,300,1500,38,,,
1919,7/3/2024,North,David,Printer,Electronics,2,200,400,71,,,
1920,8/3/2024,North,Liam,Desk,Furniture,2,250,500,67,,,
1921,12/3/2024,East,Chen,Cabinet,Furniture,4,350,1400,40,,,
1922,7/5/2024,North,David,Tablet,Electronics,5,300,1500,38,,,
1923,5/2/2024,North,John,Tablet,Electronics,7,300,2100,26,,,
1924,6/1/2024,West,Mary,Desk,Furniture,4,250,1000,47,,,
1925,5/5/2024,North,Alex,Desk,Furniture,1,250,250,71,,,
1926,17-03-2024,West,Sara,Desk,Furniture,1,250,250,71,,,
1927,1/4/2024,North,Mary,Phone,Electronics,10,500,5000,4,,,
1928,7/4/2024,West,John,Chair,Furniture,10,100,1000,46,,,
1929,11/4/2024,West,Sara,Desk,Furniture,8,250,2000,27,,,
1930,17-01-2024,East,Liam,Laptop,Electronics,2,800,1600,31,,,
1931,31-03-2024,North,Mary,Tablet,Electronics,8,300,2400,22,,,
1932,11/3/2024,East,Mary,Phone,Electronics,5,500,2500,18,,,
1933,31-03-2024,East,Alex,Chair,Furniture,9,100,900,46,,,
1934,25-06-2024,West,Priya,Desk,Furniture,1,250,250,64,,,
1935,18-06-2024,East,Liam,Cabinet,Furniture,2,350,700,51,,,
1936,31-05-2024,West,Priya,Cabinet,Furniture,10,350,3500,8,,,
1937,5/4/2024,West,Priya,Printer,Electronics,6,200,1200,34,,,
1938,18-04-2024,West,Liam,Tablet,Electronics,7,300,2100,22,,,
1939,3/2/2024,East,Alex,Phone,Electronics,8,500,4000,6,,,
1940,20-04-2024,North,David,Tablet,Electronics,10,300,3000,10,,,
1941,14-04-2024,West,Priya,Tablet,Electronics,4,300,1200,31,,,
1942,14-02-2024,South,David,Laptop,Electronics,6,800,4800,5,,,
1943,11/5/2024,West,Sara,Cabinet,Furniture,9,350,3150,8,,,
1944,15-03-2024,North,David,Laptop,Electronics,9,800,7200,1,,,
1945,23-06-2024,North,John,Desk,Furniture,4,250,1000,33,,,
1946,22-06-2024,West,Liam,Desk,Furniture,10,250,2500,12,,,
1947,24-05-2024,South,Mary,Headphones,Electronics,7,150,1050,29,,,
1948,10/3/2024,North,Alex,Tablet,Electronics,8,300,2400,14,,,
1949,22-03-2024,West,Chen,Desk,Furniture,10,250,2500,12,,,
1950,21-01-2024,North,Mary,Printer,Electronics,5,200,1000,29,,,
1951,8/6/2024,North,Mary,Desk,Furniture,3,250,750,33,,,
1952,27-05-2024,East,Chen,Desk,Furniture,3,250,750,33,,,
1953,30-04-2024,North,Liam,Laptop,Electronics,9,800,7200,1,,,
1954,20-01-2024,East,John,Phone,Electronics,4,500,2000,14,,,
1955,1/6/2024,East,Chen,Headphones,Electronics,3,150,450,38,,,
1956,26-02-2024,North,Liam,Cabinet,Furniture,10,350,3500,4,,,
1957,30-03-2024,North,Priya,Laptop,Electronics,3,800,2400,11,,,
1958,18-01-2024,West,Sara,Cabinet,Furniture,5,350,1750,14,,,
1959,20-02-2024,North,Alex,Laptop,Electronics,2,800,1600,14,,,
1960,16-04-2024,North,Mary,Phone,Electronics,6,500,3000,5,,,
1961,23-03-2024,South,Alex,Phone,Electronics,10,500,5000,2,,,
1962,9/3/2024,South,Chen,Chair,Furniture,4,100,400,32,,,
1963,12/3/2024,North,Priya,Desk,Furniture,8,250,2000,10,,,
1964,8/4/2024,South,Liam,Chair,Furniture,6,100,600,26,,,
1965,4/1/2024,West,Sara,Desk,Furniture,3,250,750,24,,,
1966,28-06-2024,East,Sara,Chair,Furniture,8,100,800,22,,,
1967,13-05-2024,South,Priya,Phone,Electronics,6,500,3000,4,,,
1968,25-01-2024,North,Sara,Phone,Electronics,1,500,500,25,,,
1969,25-01-2024,West,Sara,Chair,Furniture,4,100,400,26,,,
1970,8/3/2024,South,John,Cabinet,Furniture,8,350,2800,4,,,
1971,8/2/2024,East,David,Desk,Furniture,10,250,2500,6,,,
1972,27-01-2024,South,Priya,Chair,Furniture,7,100,700,20,,,
1973,3/3/2024,North,Mary,Cabinet,Furniture,8,350,2800,4,,,
1974,10/6/2024,West,John,Laptop,Electronics,5,800,4000,2,,,
1975,6/3/2024,West,Priya,Headphones,Electronics,1,150,150,26,,,
1976,26-03-2024,East,Liam,Desk,Furniture,1,250,250,24,,,
1977,15-06-2024,South,Liam,Printer,Electronics,5,200,1000,15,,,
1978,27-04-2024,South,John,Cabinet,Furniture,1,350,350,20,,,
1979,15-02-2024,West,Alex,Headphones,Electronics,8,150,1200,11,,,
1980,4/6/2024,West,Chen,Cabinet,Furniture,3,350,1050,12,,,
1981,15-01-2024,West,Sara,Phone,Electronics,1,500,500,17,,,
1982,2/2/2024,South,Chen,Desk,Furniture,5,250,1250,10,,,
1983,5/1/2024,South,Alex,Desk,Furniture,6,250,1500,8,,,
1984,12/1/2024,North,Alex,Printer,Electronics,8,200,1600,6,,,
1985,21-06-2024,West,Chen,Headphones,Electronics,2,150,300,14,,,
1986,24-03-2024,West,Alex,Printer,Electronics,5,200,1000,10,,,
1987,14-04-2024,South,Priya,Headphones,Electronics,7,150,1050,9,,,
1988,1/6/2024,South,John,Printer,Electronics,3,200,600,10,,,
1989,28-01-2024,South,Sara,Chair,Furniture,2,100,200,12,,,
1990,16-01-2024,South,Mary,Tablet,Electronics,7,300,2100,4,,,
1991,10/5/2024,South,Mary,Headphones,Electronics,4,150,600,9,,,
1992,24-04-2024,South,Alex,Tablet,Electronics,9,300,2700,3,,,
1993,23-01-2024,North,Alex,Laptop,Electronics,8,800,6400,1,,,
1994,7/1/2024,North,Sara,Tablet,Electronics,1,300,300,7,,,
1995,4/5/2024,West,Chen,Cabinet,Furniture,10,350,3500,1,,,
1996,31-05-2024,West,Chen,Laptop,Electronics,2,800,1600,2,,,
1997,6/3/2024,West,David,Tablet,Electronics,4,300,1200,3,,,
1998,18-02-2024,North,Liam,Printer,Electronics,10,200,2000,1,,,
1999,16-03-2024,South,John,Printer,Electronics,7,200,1400,1,,,
2000,20-02-2024,South,Priya,Chair,Furniture,8,100,800,1,,,
